source_id_1,vx,vy,vz,En,Lz,flag,apogee,feh,alpha,flag_abund
61047157615088256,-25.76171381,222.05426049,29.77708269,-155526.22901769,2298.72588196,0,2M03253760+2050536,-0.3120152,0.08168884,1
65723380567903104,-1.41074827,222.42483583,27.88763169,-152480.05068339,2477.46506096,0,2M03531303+2352226,-0.27675867,0.05705806,1
66570932234426112,-52.63990272,213.20608514,10.6946833,-159300.9526126,2120.1359587,0,2M03532875+2407032,0.26334137,0.02639342,1
67139104867760384,23.51529208,232.14981729,34.81737053,-150036.43605545,2578.78521227,0,2M03592264+2531442,-0.25005868,0.05636431,1
73621275666889344,-122.51261898,-15.88669849,7.27707243,-176382.52193616,-119.02247263,2,2M02101132+1222103,-0.9851872,0.09393411,3
120390510287264384,-33.96930531,-30.07451694,-34.44089568,-185220.35347195,-181.54489858,1,2M03401629+3045191,-0.32740757,0.19633152,1
121044273029700864,38.15513581,213.09518758,1.20338599,-155978.177809,2329.83403193,0,2M03342165+3014294,-0.15067984,0.06083532,1
121121960397934848,-39.30723679,209.36025184,-45.9822234,-161398.98053374,2018.42100058,0,2M03330087+3049431,-0.01301047,0.04407619,1
124641260896402432,144.0816125,-21.10424369,61.01028479,-169098.73534476,23.41444814,2,2M03285931+3240579,-0.4045148,0.25983334,2
142920160672226432,-24.07143767,236.96048634,3.93110818,-152875.85034114,2425.90324382,0,2M03040857+3908470,-0.11531722,0.07057495,1
148992625953529216,33.2282302,143.3773946,-302.31237954,-129392.56285455,1430.27197842,1,2M04132788+2314474,-1.9106994,0.3382487,1
150076229022420096,-26.51413838,200.18919725,18.26127664,-164927.07368738,1935.55771525,0,2M04120669+2438416,0.02074872,-0.03357952,1
158841054682233600,-20.92407022,41.81503662,-94.72678189,-176527.17575336,542.22418794,1,2M04332067+2912569,-0.55281395,0.21461491,1
181487730040472960,-2.72222081,228.12618138,-30.18377796,-159313.37922091,2169.91562764,0,2M05105347+3239099,0.41327655,0.02940707,1
181817136853185536,-35.05182912,235.69595861,7.79293406,-149670.4590645,2613.75675775,0,2M05084590+3349480,-0.12401032,0.02147437,1
187423954665380736,36.52813991,213.31838484,-7.46199164,-154063.99095672,2447.64103194,0,2M05130489+3805543,0.00177576,0.13350606,1
200633938334634624,23.29340391,187.6864632,7.14662292,-162766.02156837,2041.78201839,0,2M05061225+4014024,-0.17277317,0.06258871,1
213294299330804736,45.35528666,-43.38456224,-7.36196834,-179265.74035,-296.73375163,2,2M05151752+4845027,-1.1302514,0.31188396,2
216707801896654848,-92.54971595,-26.13172843,-33.93531005,-184199.39602543,-142.81160318,1,2M03451097+3221007,-0.64773345,0.20612362,1
217408568760296448,11.7642958,219.70384717,21.91860665,-163273.33879987,2011.61699282,0,2M03394041+3220052,0.11530872,-0.01040977,1
223768281455545856,-7.58486198,220.21395175,-6.86023032,-155845.9355499,2348.99044587,0,2M03530128+3911253,-0.16060157,0.03177341,1
225286290399220736,24.27615464,246.98895218,-10.74071174,-155435.11915647,2306.36833221,0,2M04074282+3630577,0.16996314,-0.0036892,1
228816654735648000,-0.2238099,213.08500697,16.28441223,-163643.67612088,2011.10921563,0,2M04173899+4213591,-0.12447301,0.00718344,1
247734061529888896,31.9849103,222.30427857,13.26317103,-159494.75967951,2177.2164481,0,2M03375564+4528419,-0.05359506,0.0142064,1
256213868863016448,14.43701358,246.94896735,-11.35003229,-148612.68819603,2677.18815605,0,2M04551873+4837536,-0.40287155,0.07732056,1
286133749214665600,153.97066353,8.19619883,85.73255091,-172903.9777095,234.54276631,1,2M05344036+6133226,-0.5504137,0.07222359,2
333414879511639552,-10.62207717,214.08240696,21.01205828,-164466.72193207,1963.57291816,0,2M02400515+3640471,0.22879347,-0.01105711,1
333960370422345088,36.96534134,202.73501731,-2.45507598,-163179.91601884,2019.58233649,0,2M02421704+3823157,0.13587044,-0.03844124,1
354148095398588672,-146.41519609,-23.84742531,-5.44536326,-173593.65002655,-285.70825618,2,2M02303185+4730332,-1.4937866,0.30330282,3
416053383183566976,88.99836003,210.12042581,9.61142222,-160017.84792182,2070.83547625,0,2M00391180+5153440,-0.13601027,-0.00793542,1
419727431348299392,77.09277685,192.88439396,-15.92763241,-162849.30280229,2006.0032078,0,2M00214545+5424262,0.1496934,-0.00245488,1
421650648984507648,64.10566476,233.49008335,7.95497436,-155290.90639366,2329.43382728,0,2M00305055+5556133,-0.01178828,-0.03445189,1
421773351913982464,41.61131928,209.29633304,-3.28285347,-165166.68193591,1932.79743255,0,2M00260870+5654473,0.23519336,0.00150687,1
424242816369142912,36.47573648,186.51734106,-21.63305234,-164373.82561823,1968.65541483,0,2M00540883+5728578,0.13115078,0.01350225,1
425933732114877184,-23.76738818,215.11346242,4.56396131,-164091.59276821,1968.51242702,0,2M00573138+5900402,0.14497873,-0.02144318,1
454457984314449664,22.47553539,-71.57873296,134.7013235,-175480.67170666,-540.58833502,2,2M02491285+5534213,-1.8081014,0.18776813,3
464289886009924736,-32.93367209,138.43394404,-45.7035141,-174225.12869549,1369.6308851,0,2M02372419+5929402,0.24633065,0.03875767,1
477896853499742336,53.07488793,223.53259037,13.58947766,-156588.02121696,2285.41967216,0,2M04525961+6241182,0.20930019,-0.02496098,1
487634437712204928,47.10722745,186.96770746,-3.59088102,-162721.39172116,2041.18759852,0,2M03302996+6305373,0.37815478,-0.00262695,1
490364181485510912,67.93542135,244.33882329,7.53937277,-148135.97147204,2645.62189117,0,2M04093798+6707437,-0.43552446,0.01717759,1
490866662597574272,18.5941873,220.94013063,-18.46848379,-157928.17879184,2251.16294676,0,2M04173904+6857054,0.38374478,-0.00323791,1
529662689868610944,10.05680588,198.18373275,5.83704731,-164684.63043226,1962.03827645,0,2M00314064+6853055,0.16900758,-0.02007226,1
531232345794675072,-37.03836697,172.68650505,-7.35966911,-172323.95308542,1589.28694864,0,2M00022453+7046515,0.1884984,-0.00215579,1
535803634106087680,71.86750003,241.33082352,-40.35647407,-148849.45348565,2579.99310978,0,2M01214244+7418093,-0.26474303,0.06395683,1
536290820838520832,26.08462936,228.68618017,-20.33390869,-160784.91966344,2104.21799042,0,2M00333037+7052066,0.13748126,0.00610284,1
544027809281308544,-157.3917588,101.89779972,-56.31011984,-170925.61647934,951.82081606,1,2M03183846+7216305,-0.6859746,0.07574759,1
556097453359674752,15.06695277,162.84458992,3.91240851,-171412.24554878,1634.1631369,0,2M04021869+8026404,0.22760473,0.02218467,1
573254988713740544,5.79865081,-8.72132378,-128.72419689,-181103.26457604,32.60324961,1,2M01090173+8355445,-2.0262344,0.34764415,1
573557736666992640,-186.81425088,142.10188764,-77.89147101,-151684.27848026,1129.9602042,1,2M00413078+8502123,-0.67570144,0.24195433,1
604921512005266048,-37.00116098,220.55296613,-13.49510106,-160575.49681207,2107.74825724,0,2M08512618+1153520,0.07436152,-0.00587659,1
662615120497213184,-54.78634456,199.27277735,10.11967558,-162941.68406934,1985.77718146,0,2M08305864+1832284,-0.16795492,0.05260878,1
671446668474343936,-223.51041833,162.4468585,-32.48525378,-148072.13172239,1615.96055468,1,2M07371304+1831260,-0.5311527,0.2470609,1
674479911818126592,55.16629881,13.49587131,29.39336779,-177926.48422748,228.29637526,1,2M07484127+2136165,-0.7195252,0.09527214,3
675268265951679616,-5.63699777,204.74320498,-5.51882182,-165199.7685776,1948.39650684,0,2M07503708+2256062,0.09497699,0.01131056,1
681711197931303168,-0.71666051,226.21952936,23.48425206,-156401.78133678,2297.26041418,0,2M07584530+2537342,-0.1005232,0.00718411,1
682107395777760512,-203.8117025,152.68276464,37.47958437,-145500.7872802,1846.6536633,1,2M07581576+2555408,-0.4196201,0.23851748,1
686823171086176640,55.61659624,7.40508213,8.34009857,-181638.22500152,153.04184163,1,2M09103492+2221529,-0.2600273,0.20707351,1
715601066877126016,-37.81484893,237.43530757,-10.4524735,-157237.4987515,2214.06044675,0,2M09091848+3626374,-0.26450634,0.05216172,1
718891797803374464,-171.95533541,120.58150266,-83.62482536,-154359.07163024,1376.06417237,1,2M09051257+3718311,-0.6705596,0.20866221,1
720140331912820992,-161.99273296,-59.72664923,-50.05062062,-166729.24656748,-467.72025216,2,2M08593336+3953094,-0.944252,0.12024825,3
749403971323993472,-2.70999672,198.22115084,-1.41834101,-166637.21500706,1860.16916821,0,2M10311142+3353330,-0.20729776,0.04069208,1
753985528902489216,276.80623576,-16.59737435,-128.16046327,-137358.06877394,-75.3267485,2,2M10220963+3708202,-1.617521,0.29230702,3
754657953277666944,-17.0660628,251.65415632,9.14761009,-153901.29752691,2332.377997,0,2M10260035+3648448,-0.032582,-0.004602,1
778056759011969024,192.91345108,13.27556194,-45.95255941,-167094.70451655,239.92287919,1,2M10590038+4104365,-1.28591269,0.22114203,3
778546801895862528,25.80133508,-84.30768557,-8.21114359,-181291.1380685,-674.50989673,1,2M10594682+4257126,-0.55088995,0.2176984,1
779155720883946496,37.40409292,22.11829585,-26.1204262,-182538.09372506,321.91596051,1,2M10411324+3916266,-0.65359354,0.21131536,1
781841007452589952,-149.93437703,59.7296638,130.1006978,-165023.91650633,627.8559972,1,2M10594581+4402080,-0.85907534,0.08841838,1
783162276835154688,174.04608629,12.14034125,111.54107611,-165347.35701185,249.20538356,1,2M11005588+4557477,-0.86719596,0.25217885,2
784767559512841728,-32.50056789,168.55553264,-7.12640512,-173104.21707311,1562.0969834,0,2M11150789+4352402,-0.10897681,0.1451433,1
786226306500895488,-83.15671898,178.86195165,-11.70777756,-168885.27247964,1628.89436569,0,2M11402812+4646098,-0.34808284,0.1420242,1
786247777041527936,-129.79162382,41.13044418,-20.37402149,-174793.05218998,441.95499041,1,2M11352960+4625052,-0.40100577,0.24570885,1
788854414182687872,190.81279134,13.30120613,-80.28863707,-165459.50050232,278.31784098,1,2M11294099+4746533,-1.4437343,0.16817415,1
790148367558174080,-211.50881492,-13.34753098,35.56951419,-161789.9323242,-107.23078736,2,2M11261761+4944432,-1.0476758,0.16762514,3
798855537577732352,94.80287784,-55.77772986,-16.27314589,-184814.99222993,-382.06000312,1,2M09341699+3614584,-1.9634345,0.3156079,1
800682131331235200,-105.95251084,31.18268495,46.64425483,-182500.8460611,377.80075776,1,2M09422004+3821054,-1.3402104,0.18821225,1
800801295200581760,65.38421042,177.92447023,35.1742969,-162919.532636,1832.26139745,0,2M09362546+3804580,0.1784678,0.0307214,1
807691522254928768,-11.33220915,239.94234919,5.61450004,-157184.9678109,2231.88418249,0,2M09482555+4230035,-0.24647319,0.02827748,1
808989770610097664,72.33562438,226.12392974,12.42651973,-159019.60332635,2070.69440853,0,2M10165481+4404283,-0.14613128,0.00966678,1
809555572421288704,-185.35060961,-20.90457979,-15.64395552,-166299.16444594,-106.42443526,2,2M10045413+4403415,-0.67726123,0.06282784,3
809953728773243136,118.47062567,9.37850709,20.44486466,-176435.33123403,223.14846129,1,2M10072666+4516263,-1.5406195,0.3193057,3
820576939539024768,-289.7660186,-29.86778074,-52.03047613,-142493.61183541,-191.88072541,2,2M09492333+4451185,-1.9053377,0.30208287,3
824847133463304064,81.26234339,-11.7694318,72.44751869,-175730.06874072,24.00016134,2,2M09440696+4740536,-1.5612342,0.2872108,3
828937041839422336,-84.42452566,184.01985074,-8.69203804,-163284.68897739,1796.07235793,0,2M10365060+4358042,-0.7122702,0.22533803,1
831918745576302848,3.24204938,241.50482995,14.03559779,-156684.0944001,2234.49909523,0,2M11022035+4829046,-0.24523461,0.06937023,1
838684212421538432,225.85555122,118.69458593,-19.87270057,-152022.88568536,1285.02867555,1,2M11280940+5150549,-0.5623097,0.2165717,1
839740946174630272,-48.33696311,254.65841208,30.18512043,-152536.73703402,2312.66962142,0,2M11195915+5303551,-0.22890353,0.13229123,1
840703392509623936,27.17150441,23.17659706,-102.47405511,-181953.18006285,321.74265427,1,2M11533919+5414319,-1.5126063,0.25766954,1
865465390800518016,-28.04391169,201.14380588,20.41165074,-157113.65477311,2272.96725051,0,2M07370492+2144211,-0.19852428,0.04533574,1
868860442188268928,31.43412446,-48.03715562,-19.83402214,-186266.913472,-337.4081026,1,2M07432162+2606085,-0.38510036,0.15844458,1
869794752194045440,-26.94939702,254.60300191,-25.06821482,-153435.08441425,2355.07323564,0,2M07255208+2346155,0.11403094,0.0078944,1
874777811906791040,-138.00636381,60.16676802,16.97363328,-174274.20353143,707.50924654,1,2M07553818+2759316,-0.4892257,0.2470913,1
875670099953719296,68.81230977,176.56369834,75.94363,-160964.22561053,1835.48217299,0,2M07492268+2802178,-0.30501801,0.17022199,1
875863579639407616,-3.00362514,230.05310039,-7.63425452,-159576.14244088,2166.14395574,0,2M07525858+2913178,-0.09984093,0.0125256,1
899539397880253696,176.28228469,-4.31444397,74.48703658,-165757.29451357,77.74929347,2,2M07344648+3930186,-1.4340637,0.28907084,3
900947180783968128,4.35759492,49.98094089,-153.73643287,-170658.30182877,601.81714284,1,2M08172143+3128307,-1.7636873,0.34151947,1
919271096112722816,-57.46869694,192.47738105,33.54993424,-161958.06085074,1972.20542686,0,2M07531269+3809233,0.02705315,0.05478517,1
924314624668594176,-80.5858908,11.28258132,-137.43094777,-171116.66297009,221.95970021,1,2M07433948+4236107,-1.8484621,0.2594764,3
926488629738500352,41.64640911,219.87117604,-54.43680371,-159095.05092109,2099.19486849,0,2M07540307+4521386,-0.31485545,0.13123367,1
927247778094335872,269.94221464,-50.8998998,22.0730509,-151279.61052504,-329.86120067,2,2M07475718+4606456,-1.4032342,0.14734787,3
927417991942356096,-96.89221626,-21.23346222,-19.15073409,-175821.36519643,-123.42264794,2,2M07464389+4642598,-0.61465657,0.12206998,2
931561334008524160,20.75855132,255.42727878,20.53729379,-149490.91799081,2540.73206079,0,2M08141562+4827455,-0.35441837,0.07816531,1
931995434942872576,-63.98899216,-59.34036866,9.80251106,-179596.10664832,-491.58424254,2,2M08164169+4931215,-1.3701342,0.164657,1
933340275102388736,145.95616667,-2.5583577,31.7147865,-177406.61362108,100.01589442,2,2M08003425+4902446,-1.2282815,0.20296425,3
941363377092782336,14.85252266,193.92851562,7.79940966,-163159.63881544,2025.69319624,0,2M06331559+3339176,0.16087247,0.00625182,1
941799432234472704,-25.66707439,208.24777423,18.51306687,-160691.46687862,2124.30131084,0,2M06330488+3515420,0.01275291,-0.01052261,1
942033353333277568,62.66270328,212.81593328,39.92997955,-158131.44599361,2136.31390135,0,2M06404247+3533506,0.20775199,0.03288415,1
959949826588417920,33.06779535,216.8704628,6.5689267,-161025.77701028,2106.50024624,0,2M06170076+4125180,-0.19826327,0.04887192,1
960021711458641152,42.15389232,188.93746936,-66.12595935,-165605.2388518,1807.35422427,0,2M06214656+4154401,-0.20176086,0.18548355,1
962777770495192448,71.49678277,226.51595496,-12.92104613,-148767.11398909,2607.27950675,0,2M06064856+4442239,0.00199374,0.00973029,1
968223862042905472,-13.26578248,214.33910161,-15.88973264,-158807.56733963,2206.45715587,0,2M06283125+5027355,-0.01035113,0.02028288,1
975647180437283072,93.4560335,206.91126008,30.31794782,-158273.27768801,2042.69255298,0,2M07384134+4720054,0.04835203,0.02482197,1
1032532510443878912,-253.19425983,69.14211723,-108.4817943,-147150.0538531,688.9936342,1,2M08080990+5335147,-1.4453343,0.24131948,1
1035893786210085760,-73.91777391,-51.91990144,-27.97778444,-183079.08889762,-387.31666819,1,2M09023039+5522061,-1.5639578,0.32069668,1
1036171790853094272,101.04198547,-4.1863491,49.17132363,-182425.68479166,87.84873231,1,2M08581244+5557243,-1.4796343,0.4025017,1
1089850876234626816,16.5156406,25.8376275,35.41881037,-182343.60324339,384.23853801,1,2M07315724+6606159,-1.4398925,0.3150699,1
1093220673214868224,121.76404782,-63.9606651,78.52084732,-177796.56783122,-426.46280825,2,2M08482064+6726599,-1.3929539,0.29002392,3
1096092872465089920,190.6864819,11.87359112,-40.97050423,-169493.28840716,275.35200445,1,2M07521517+6700256,-1.2215478,0.1434626,1
1139231798864304640,67.84506178,198.97905565,-14.2091101,-163191.56088276,1960.08120767,0,2M07451392+7956200,-0.05052774,0.00221335,1
1173004604179956864,263.13793706,152.34653924,-130.39685242,-137569.40157687,1186.38380234,1,2M14330590+0829461,-0.07795523,0.06482606,1
1173186676433618176,44.65760565,226.24371151,17.96333035,-164050.372724,1859.14663947,0,2M14371594+0929404,0.03389029,0.03791746,1
1224138045266290304,189.9433548,116.03502882,-43.58903503,-166219.2577182,1103.77632591,1,2M15364315+2645144,-0.7074628,0.2422128,1
1224780190119363328,108.67489736,39.02556942,-1.781698,-186178.12218718,480.1040763,1,2M15413846+2837131,-1.1452693,0.2903531,1
1245035191463750784,-35.85655142,92.75082629,-56.63508812,-183996.76980991,834.36195568,0,2M13482942+1759150,-0.44054314,0.104381,1
1247991091035963520,359.67619651,-38.15179093,83.02697904,-122407.34645423,-213.03988716,2,2M13393889+1836032,-1.3177692,0.25336123,3
1249735466233376896,116.4214091,86.15996325,-108.05094788,-172715.66206954,784.47733358,1,2M13404930+2144412,-0.67986226,0.23430584,1
1251090266421618560,69.33143195,14.09836865,43.73900596,-187756.53799926,216.29871066,1,2M13483728+2156208,-0.3354665,0.25151235,1
1251299865121268096,-66.04964709,12.57341719,76.99198595,-185160.73388915,185.15876098,1,2M13472354+2210562,-1.6354343,0.67823946,1
1260333074697878656,38.74601805,169.36200116,0.37129372,-174789.25522878,1501.34277846,0,2M14093856+2744094,0.17893425,-0.00836264,1
1261271610951871488,-158.53995167,-31.98389631,59.62857661,-178875.02488249,-229.35307716,2,2M15032346+2111259,-0.66724896,0.11567853,1
1262311370994370816,-186.30130782,48.20118857,-15.99999034,-173882.87494757,386.2995653,1,2M14583504+2147598,-1.2998525,0.21807434,1
1264912437548743040,-45.44809554,93.30301509,155.60498121,-174166.45456069,815.25781674,1,2M15041124+2531345,-1.3452361,0.23196027,1
1268413901046877184,178.62854281,-111.68369424,-10.92311024,-171665.88016439,-636.59751318,2,2M15045995+2644338,-0.833027,0.08425711,3
1272905577845713024,36.56535636,-147.32781537,-29.69839551,-182652.79011111,-1071.68871057,1,2M15375012+2909125,-1.4482343,0.27216497,1
1273127232518325888,21.5459382,201.86554347,22.66200537,-169615.00700963,1710.37074971,0,2M15371410+2943575,-0.28038126,0.04465048,1
1276026679044460032,89.35801051,64.6208354,102.83394969,-180204.18724084,649.58851131,1,2M15014718+3011057,-0.49525404,0.2364165,1
1276319458371942400,56.39927399,-10.17321333,9.61009773,-190617.11896143,57.23251912,1,2M15104955+3054264,-0.46375254,0.22953734,1
1276661303408081152,-279.65628369,33.97568972,130.88433798,-143496.71237786,159.78040636,1,2M15110737+3154152,-1.322789,0.24997598,3
1278410145371588096,-22.02879543,21.86682851,17.37269516,-191043.87762081,245.56028259,1,2M15144938+3330064,-0.9358794,0.24633601,1
1283120624987235712,-271.84573893,-36.07664931,11.69476753,-154930.17158166,-277.30026232,2,2M14520978+3108453,-0.58008834,-0.03254255,3
1283438242108376832,-121.45417792,56.36598747,25.75553171,-181037.49563046,424.51212299,1,2M14492482+3156575,-0.5527577,0.22521605,1
1288626841774602624,-73.37973241,178.11318759,47.47203453,-170406.26925158,1486.94945422,0,2M15052399+3159371,-0.4917698,0.20375589,1
1288755484637162880,123.30680721,-89.3256366,-274.22310237,-143414.72275301,-472.70358277,2,2M15071884+3223498,-1.6453824,0.29875207,3
1289469342563042432,89.99413955,-80.63205543,-4.87756151,-185198.10662425,-482.36722489,1,2M14511416+3238095,-0.28959522,0.21424605,1
1289495760903603712,150.451085,-47.25316476,-130.55229506,-170796.41359669,-153.48886186,2,2M14515317+3248491,-1.7755669,0.2714378,3
1291042949858581248,-24.98771828,237.39611916,12.57423656,-160794.77577724,2029.48761114,0,2M15201977+3541382,0.01145642,0.01869887,1
1291247596460410624,-122.33681746,75.13813859,84.50003763,-177360.56340518,673.56087725,1,2M15145065+3609241,-1.201107,0.2870653,1
1291660978472572160,-88.07469676,59.48402075,11.54334066,-184871.60583153,479.4673605,1,2M15082774+3557419,-0.45554096,0.20088986,1
1293351718118866816,-153.76763879,33.82988221,22.09156893,-178647.75227889,284.47386826,1,2M14580666+3555567,-0.5218795,0.2269518,1
1301643096647808768,210.07632751,49.15501771,-26.21995022,-171273.77151241,670.45271119,1,2M16165898+2250301,-0.4818242,0.26198208,1
1302213506961225728,229.67090926,-12.41745694,88.42214831,-162677.32400762,47.46991599,2,2M16235916+2405143,-0.5871606,0.08695254,2
1303007801033419392,12.93181418,236.28112512,-27.64993752,-161860.93618817,2009.72687102,0,2M16111238+2442202,-0.07658148,0.11117132,1
1303371705021797248,-115.50671393,56.84232792,-91.41614417,-181082.8149287,444.2039896,1,2M16214072+2524386,-0.5414021,0.21638326,1
1305143533650413312,-16.37707826,-134.61310709,-36.47564141,-185928.93992397,-948.0481087,1,2M16260502+2716107,-1.5115699,0.32158378,1
1316438404285756672,156.75029109,-39.09091781,30.3659736,-181053.8521466,-31.01872793,1,2M16045588+2738536,-0.45115623,0.08466119,1
1318271668125622016,-19.31028654,239.08925294,-36.43763872,-161177.13356735,1957.47093445,0,2M16204074+3014263,-0.4865359,0.20591851,1
1318345850800704384,-48.43294445,28.27275554,-175.90177136,-175716.10267655,301.7786365,1,2M16245098+3040181,-1.2777456,0.3363313,1
1318564894133206400,126.18026008,45.85333782,7.19279105,-183855.88128156,534.74497454,1,2M16132606+2952322,-2.0095294,0.38044238,1
1318841696185558656,-190.91071848,95.21566449,68.70475968,-167306.99369399,657.24117836,1,2M16093730+3027157,-1.1824976,0.20465025,1
1319270162123113216,-352.35718525,61.94613807,28.77190518,-128532.03947133,127.54600835,2,2M16210830+3155207,-1.4318273,0.24738312,3
1319711031926018176,164.15654509,-36.97743348,14.7399427,-179890.7041375,-52.69620152,2,2M15594750+2819436,-1.0530804,0.2086794,1
1324458894933115136,53.71837818,141.5039376,-3.93888827,-179810.34365434,1261.98814535,0,2M16272583+3142298,-0.14407155,0.13810423,1
1325235184502275072,-59.87665124,-51.57595465,46.0868204,-190149.24941032,-365.59200916,1,2M16262789+3208394,-0.6543512,0.23139766,1
1325317029399123968,27.81029107,146.3335899,10.43143547,-180306.76629206,1273.24095427,0,2M16242411+3232078,0.31960458,-0.00848231,1
1325551225376064256,-151.59603642,44.25190853,-64.03370739,-178437.92854947,206.50525473,1,2M16202346+3250114,-0.48358744,0.16509534,1
1327708123592156800,240.16788932,129.85035076,-3.66819766,-154313.28721667,1328.5789673,1,2M16374360+3609572,-0.44096166,0.22892511,1
1328315290232465920,85.69225959,-30.39527029,-67.08984179,-186858.05380924,-92.56870728,1,2M16383232+3708171,-2.2908342,0.34480184,1
1328517943968927872,142.57969282,38.8923874,84.27286112,-177908.36469326,609.12190869,1,2M16395321+3757159,-1.4562455,0.31727642,1
1331643065254845312,6.68414557,248.01409117,-28.21692926,-158387.78185358,2128.61743794,0,2M16375730+3901172,-0.21480231,0.034303,1
1332622974928199424,263.80368407,-97.24088657,-14.38498792,-154063.89292947,-554.12211003,2,2M16302361+3952256,-1.4010017,0.24735594,3
1334312546343131392,31.18370426,245.30379825,-11.89251806,-159123.9269228,2118.18255696,0,2M17100522+3229168,-0.13285961,0.00484163,1
1338031884942662144,239.9657808,-77.92198096,-102.73464222,-157533.06668501,-255.60768185,2,2M17050343+3447519,-1.9563342,0.2858749,3
1338818448074530560,217.21877539,-3.31978866,-119.65866998,-162921.98821726,316.28480163,1,2M16572328+3510368,-0.8184596,0.04957019,1
1338872736459683840,-81.7102597,113.66645887,-139.7762579,-172763.27731314,859.1864804,1,2M17022825+3527217,-1.7156359,0.3560365,1
1339377721534040064,186.52181505,-48.98121278,-38.96785369,-174766.24188832,-12.34807036,2,2M17041634+3649029,-0.75631154,0.20834069,2
1339649541424521216,132.82478117,30.40547947,38.29310541,-183008.71660572,516.38402625,1,2M17004180+3718458,-1.2034287,0.29045892,1
1352402600699629696,82.1973556,9.49181274,-54.55798013,-187948.55077115,246.09508563,1,2M16503453+3839174,-1.6658207,0.3063671,1
1354095268787681792,101.45467962,56.17192579,130.73579925,-176576.74483938,705.30521148,1,2M17130588+4153354,-0.80575615,0.28483453,1
1356044771622269440,26.91403968,244.23723709,-15.50805307,-159344.0409387,2091.24316328,0,2M16430197+4050537,0.26651406,0.07534231,1
1356760038296285440,53.56700945,10.56713793,-66.20216476,-188753.22627372,225.54174065,1,2M16374139+4102531,-0.36847508,0.19877604,1
1357345558301798016,33.23635988,-135.33891903,-49.66973156,-182878.70692519,-913.97858716,1,2M16413214+4223330,-1.3948166,0.28940243,1
1357648546770526720,9.0397491,235.90972247,-67.26393732,-159219.04748955,1976.2701373,0,2M16393904+4326599,-0.33743511,0.08875759,1
1363727540402141440,228.15923442,100.99758152,50.55954205,-158356.39063252,1230.89418777,1,2M17465341+4839326,-0.71449864,0.23316684,1
1365114741822860288,39.96687731,188.47621619,-97.71346956,-166473.0523386,1662.41360505,0,2M17174762+4732225,-0.25163633,0.06969431,1
1365457690667803648,72.73230429,-8.5120512,6.91755802,-188973.0622041,155.91626042,1,2M17222274+4744081,-0.4272094,0.23426138,1
1365521187464390144,89.06779282,115.12811909,-9.46091813,-179300.33458811,1171.76070536,0,2M17235517+4811290,-0.42495483,0.22191316,1
1365757028412964992,-55.73584938,42.10750713,73.34812761,-186469.21566868,374.17629766,1,2M17132218+4709431,-1.5586753,0.32914317,1
1366230097586304640,-11.63364619,248.51569132,5.18721162,-158165.16334258,2136.81299067,0,2M17151272+4854107,-0.09068944,-0.01152641,1
1375199947805963520,48.57863187,118.29690991,-279.29375164,-143606.78301511,1075.84093385,1,2M15283742+3618459,-1.5724425,0.12881428,1
1377238648521697792,179.89793805,78.76889689,-17.9970064,-171786.14865747,838.03758847,1,2M15423846+3909232,-0.33222258,0.15066764,1
1377650690504579584,277.13706585,-16.25095047,-106.67880715,-148157.39226545,54.29132907,2,2M15445935+3939526,-1.2383343,0.23590484,3
1380549170658399872,-96.27323419,63.50726144,117.90963432,-177651.97688368,423.29540418,1,2M16224427+4010139,-0.9087432,0.11212458,1
1381752487351597312,36.74307828,180.60126891,-30.23919696,-172652.03138601,1587.65234621,0,2M16164676+4216548,-0.50107896,0.24292882,1
1382150682359467264,43.53676234,233.28535229,-0.44047911,-161236.95382098,2042.92960922,0,2M16205762+4248439,-0.00580229,0.02940295,1
1382267677268313216,160.21042362,1.49783474,-30.96245921,-178398.87569136,325.23534114,1,2M16230070+4323232,-0.87050584,0.23958402,1
1382827569205214848,47.40844413,211.82406458,-38.45158272,-165429.49033477,1844.83415521,0,2M15583641+4011326,0.15064354,0.06644857,1
1385298957810779520,-157.9276755,-71.72761361,23.36807752,-177670.97340197,-568.38441105,2,2M16094298+4343574,-1.8110343,0.3962695,3
1386877242328523648,-92.26349239,-82.18789559,159.07106695,-171984.91246067,-675.74827362,2,2M16131845+4634466,-1.3120122,0.2404681,3
1386901294145343104,187.11444259,23.51670918,-63.29297658,-170874.64424451,545.24537501,1,2M16094368+4623284,-1.0974746,0.29239616,1
1387266808746094336,7.89732373,4.97413577,-65.23173491,-189680.61996005,140.92288059,1,2M15255244+3656304,-1.2371343,0.3553712,1
1393057833410364672,143.54671721,-16.05372352,-123.37694438,-172666.49811134,107.7712454,2,2M15044904+4137279,-1.09303541,0.24170378,3
1394536371608359552,167.47597874,-4.76819969,19.49609326,-177378.07390423,166.72537847,1,2M15294816+4425134,-1.21711847,0.33357968,2
1396598054693436672,172.46151074,3.13705008,83.27290529,-173369.43220322,243.82800177,1,2M15481459+4416432,-0.48105723,0.24704686,2
1399165315561208832,101.05553105,210.26592597,17.08545905,-160404.60286868,1937.29229381,0,2M16105431+4809271,-0.46629283,0.2744981,1
1399521282449634816,-115.60541734,-4.53898765,-76.51026233,-182201.51274969,-3.87322231,1,2M15561756+4703281,-1.200732,0.19092059,1
1402662720314633984,-93.16108264,115.99868563,123.43817947,-169606.23978892,915.23998684,1,2M15350553+4927330,-0.40814504,0.22192344,1
1402907950062902656,44.31568002,29.77277879,-55.41914984,-188209.31529856,373.76739729,1,2M15532203+4838426,-0.40946013,0.20451587,1
1406336536555926272,-54.27830226,154.32056821,44.49320165,-175937.23207723,1309.34094077,0,2M16280587+4419539,-0.59808356,0.17818084,1
1408793528432193664,46.52896073,26.07169281,81.00826837,-185994.80903078,381.30812244,1,2M16460250+4740597,-1.1369343,0.24540894,1
1409914794069516544,183.62210563,27.65656575,36.56474838,-172906.79264794,588.60577812,1,2M16224742+4600252,-0.25498623,0.17435803,1
1410596903595361408,187.58793333,80.6683317,9.52637155,-169563.46400261,970.81356626,1,2M16334062+4831000,-0.50539666,0.19983822,1
1419296308313777280,71.70706818,207.30258048,-4.56361553,-164040.64286659,1905.81851503,0,2M17185541+5345417,-0.04051833,0.13283454,1
1419597505780353024,129.29669368,-197.51830194,16.21307523,-165621.75293708,-1386.25431389,2,2M17204022+5442143,-2.1395035,0.40123045,3
1420903618219706112,300.35106514,81.72277423,60.43975318,-139621.43711173,1211.61867222,1,2M17295351+5435120,-0.57130736,0.25266615,1
1423455314125024640,161.35211119,-64.62513316,13.90071505,-177460.79538853,-369.47942254,2,2M16172728+4923100,-1.2329237,0.25042412,3
1424322760079835136,-113.6100305,14.35803886,-32.52824495,-183628.2617401,80.18261786,1,2M16153414+5029120,-0.53959876,0.26814123,1
1424572173124957696,-16.90761764,35.57300707,-11.78469524,-188833.63726433,360.02384387,1,2M16121825+5058360,-0.51304877,0.22079156,1
1427882360255439232,0.79787959,202.55561801,-8.55536604,-167732.27408623,1769.6689705,0,2M16142225+5300292,-0.01813983,-0.00939683,1
1433010718710200576,-77.71261184,-15.84438728,-127.50250775,-178295.62986678,-184.25625743,2,2M17132079+5704013,-1.7539392,0.05862632,3
1434123806730145024,19.38792087,153.36979747,-22.06307918,-176639.12299708,1401.69892215,0,2M17113550+5821174,0.04358363,0.12338412,1
1434127238408284544,-10.18081497,239.9268969,-10.67548138,-159869.47123588,2106.33443959,0,2M17124067+5831349,-0.07806684,0.01986333,1
1434358857403990784,84.69775891,202.46497934,-12.47514911,-162816.85718774,1941.86685158,0,2M17184728+5955244,-0.13694464,0.07433267,1
1435098523787970048,10.97818233,196.56619996,-14.05881396,-169534.60124001,1757.29189564,0,2M17503077+6017532,0.10965233,-0.01398009,1
1436023964685479296,-32.3491907,213.83483126,35.82329301,-162864.56840609,1841.52930931,0,2M17350707+6103205,-0.29650852,0.05160525,1
1439028178346096000,-83.58958015,49.29481957,51.38467562,-183908.91680012,422.86232218,1,2M17275486+6131408,-0.74283457,0.2586624,1
1441993080168324224,-265.43901097,181.60530676,2.70919153,-136943.05384047,1544.53862892,1,2M13375191+2229423,-0.69710314,0.27375048,1
1443496662320441984,197.33122804,-92.16002459,17.04653363,-168781.27401944,-648.80053687,2,2M13385649+2238513,-1.4624343,0.3827195,2
1450310816913658112,-168.48948425,182.31087146,115.56641425,-152182.82716941,1591.1095099,1,2M13562197+2532114,-0.8191191,0.23243102,1
1450722893255972992,-52.51629668,-24.00470717,-28.28556963,-188897.15406916,-110.35305416,1,2M13581572+2602122,-1.7424281,0.29690886,1
1451642153696462208,20.25634391,211.5569193,-1.40698113,-166373.13346476,1850.18579418,0,2M13422283+2707048,0.01746549,0.07150336,1
1453080894725395072,147.52253071,39.68974565,-44.29917699,-177215.23484497,479.54755009,1,2M14091245+2924543,-0.36308745,0.0653072,1
1458216374239554944,198.90530254,83.62009687,0.65024016,-166909.01984499,831.9390105,1,2M13510387+3227458,-0.53600574,0.21985696,1
1460344204115928448,-76.11580017,226.45786309,7.57025225,-159300.70053629,1990.02137117,0,2M13034040+2642043,-0.48776358,0.23185207,1
1475041784064117120,23.83351569,13.28806487,-44.72809858,-187873.28402793,220.28630085,1,2M13301133+3642075,-0.83984786,0.2100317,1
1489536100393362560,36.100448,12.14165901,-13.99046974,-188611.9679167,234.98305462,1,2M14534566+4249009,-1.5332649,0.24267766,1
1493753311601728256,-22.44107353,-156.25964187,-54.5716088,-177081.07184427,-1205.29260444,2,2M14451607+4506372,-1.786213,0.28146556,3
1499039969665514624,-182.46779242,-34.61168365,-10.62035507,-171679.34046762,-329.44092415,2,2M13593613+4231356,-1.2727622,0.25146338,3
1499048147284614912,64.33742846,-183.49955302,84.47489181,-168266.80397273,-1381.9687019,2,2M13575604+4228213,-1.3493538,0.28603992,3
1500533656213123840,-214.3658278,-78.81634969,22.11154029,-163847.39452957,-682.50942139,2,2M13480879+4219467,-2.1573906,0.36926746,3
1500973598301952000,-128.29855553,83.35500435,-9.53030113,-174768.85277681,709.57154992,1,2M13382761+4119562,-0.7273475,0.2198003,1
1502161002141991040,38.97211128,136.84148569,-17.72259405,-178129.52850801,1268.07450358,0,2M13540338+4344024,-0.31402895,0.16851813,1
1502640354851573376,-74.38655805,-155.93343913,25.78823159,-176197.50724882,-1252.39261657,2,2M13535604+4437076,-1.1951861,0.68647426,2
1504479975243877504,72.52884762,37.0892664,-42.48909955,-186651.85292838,429.97667169,1,2M14154190+4359156,-1.4272436,0.31440103,1
1504785536397328512,-103.86078459,215.01619825,-61.298778,-157460.67364152,1834.7515294,0,2M14184176+4347172,-0.04451009,0.08051097,1
1505148615752865408,9.0287151,-1.64655563,-55.38983501,-188946.4540894,90.92568936,1,2M14130915+4511429,-2.0860496,0.4516403,1
1506088045359108096,281.86983102,-43.2634352,-123.12184845,-141310.69378165,-30.63214969,2,2M14142586+4633146,-1.14175,0.19135201,3
1506387627917936896,-229.69850555,-30.93516014,65.46340432,-162725.85370901,-208.611111,2,2M14082554+4711096,-1.2167106,0.21438514,3
1509180146934539904,-57.70851782,220.64799431,47.06701656,-161093.24768898,1941.69641976,0,2M13584705+4727355,-0.19107127,0.07799596,1
1509324251677281408,66.34659927,-17.71138222,-42.92534783,-185984.08548382,0.88338603,1,2M14042423+4719428,-0.98667276,0.3247667,1
1509607788238564992,115.53290206,12.82740216,0.3778745,-180717.23832761,323.23746952,1,2M13591974+4805355,-2.271116,0.39919087,1
1513140931414783872,-151.15272267,53.32445265,100.85048554,-169452.96190949,421.26111028,1,2M13595766+5319153,-1.2495909,0.25258037,1
1536321797623569664,-157.97331953,-55.20494612,98.94921591,-167150.50212217,-439.40410451,2,2M12164516+4047376,-0.7044849,0.11636108,2
1538556417568188928,-55.98210112,27.97832854,116.29103344,-181154.05967551,334.74963995,1,2M12222814+4349594,-0.40277964,0.23416074,1
1539437538698869248,-133.23740682,68.8781518,32.40447445,-176016.28263316,677.75919615,1,2M12045911+4502536,-0.13133128,0.19317308,1
1541227509271514624,-135.94974978,-5.24393446,-104.42126245,-176034.47027222,38.11824602,2,2M12420573+4519351,-1.3120342,0.1970257,3
1555472403960996352,-63.00919361,-74.4801015,40.48300507,-185337.2179641,-552.77913184,1,2M13034808+4848106,-1.6767341,0.28716302,1
1555504732179894912,187.07862663,115.34487931,55.49659736,-160518.99271401,1220.38814438,1,2M13010647+4843286,-0.33868068,0.22889605,1
1555613278888187392,26.84377583,145.6703535,-18.16489416,-177410.65801899,1352.73689749,0,2M13053345+4931461,-0.09092227,0.12174404,1
1562236977452315136,87.04366155,206.99397528,-8.85420357,-161623.20591035,1930.81358494,0,2M13460701+5508061,0.17539972,0.00308342,1
1562595555682710016,120.67375111,1.75652997,15.82989442,-180322.89092528,221.6791303,1,2M13353054+5613324,-0.39283508,0.15047643,1
1576803921677016704,153.99608958,33.32338581,-61.1982557,-173302.876377,493.02577803,1,2M12511630+5706350,-0.36950707,0.17104761,1
1577275444662706304,-73.50772709,163.06852716,87.91813781,-168133.24908912,1482.62177452,0,2M12554001+5801123,-0.5895487,0.18756366,1
1585563460233811456,137.51848227,-98.37438271,62.68751639,-175142.59128011,-569.24671077,2,2M14572619+4301560,-1.424598,0.26532605,3
1597311256644035968,-199.49554283,-29.83773401,86.08540343,-165297.94700477,-472.77506073,2,2M15554589+5416558,-1.7216841,0.32335246,3
1597571535958229376,-94.29553125,81.35647293,79.37907705,-177162.05913653,627.68007156,1,2M15545287+5512436,-0.47125947,0.25270307,1
1605575357837096064,-112.19908666,31.92265603,31.29014689,-183412.5836724,322.54041718,1,2M14473855+5153295,-0.1963634,0.02863321,1
1607938040822677760,120.24595203,-7.08245616,-48.77293085,-180227.77511914,157.65735425,1,2M14220197+5224019,-0.4876079,0.20279036,1
1608259304376488960,146.853722,-29.66889964,-69.84551201,-174148.55970043,22.09316646,2,2M14180845+5340109,-0.6507151,0.13092735,2
1687975340498851840,26.59892961,219.86372061,-15.33182207,-162531.18084697,2023.82363605,0,2M13211787+7233251,0.22812285,0.00750981,1
1743984703336323328,-145.09059808,290.88226427,44.66918345,-137145.18920831,1976.38686365,1,2M21165891+1016516,-0.33686832,0.20719868,1
1744703577782813312,79.66067228,188.32577287,17.47455057,-171170.39177986,1631.52843253,0,2M21121431+1034409,0.23581472,0.00301487,1
1745719354727725184,78.67526245,-102.27030618,-113.10141358,-180276.84013752,-520.02114034,1,2M21291954+1105045,-1.2185721,0.20209336,1
1745905240916336256,-34.48667548,235.18039572,17.1274509,-161537.68214423,2001.25860614,0,2M21315517+1202486,-0.19848128,0.04347181,1
1746063089550420096,63.43874303,27.0080624,60.10434922,-189293.15342347,389.52184898,1,2M21240868+1151462,-0.60564953,0.22650765,1
1746897030464354432,-167.96050746,134.4832312,-32.59256316,-168573.37514692,806.92191359,1,2M21235315+1244123,-0.6362459,0.25074673,1
1770025433649684608,127.53894666,8.98724403,-56.78559544,-182798.27848876,234.4312931,1,2M21333033+1246583,-1.6825517,0.3842805,1
1775352906791899008,-43.35153131,198.44375707,-0.0370908,-169086.86042234,1672.89878663,0,2M22082950+1654152,0.06312416,0.03404412,1
1775832332511995008,27.88268193,219.63078042,-30.05532259,-164754.29084095,1917.54826999,0,2M21590210+1631005,0.0392643,-0.00604692,1
1837272561249336960,58.73253214,245.50045714,3.7547725,-159479.3407556,2093.37795024,0,2M20111536+2839555,0.03209276,-0.01628045,1
1852399809713940224,-112.81699065,24.36311611,-120.77842298,-178571.51810558,17.30559308,2,2M21034475+2941341,-1.3241912,0.19958429,3
1936464865300949760,7.58988422,228.29497636,1.99983701,-158280.64468282,2176.15262787,0,2M23065180+4719501,-0.12175821,0.01927692,1
1972840695682495360,33.18009031,196.01266568,-5.62500534,-168855.81825026,1799.55182452,0,2M21490191+4339029,-0.07965559,-0.0075984,1
1976800891747463808,115.26418874,226.01667504,28.69777082,-153638.8110723,2316.58472392,0,2M22022321+4905336,0.029387,-8.4752E-4,1
2051694027492941696,102.9311514,227.64154908,11.31334541,-160011.6318851,2037.16063969,0,2M19261297+3648265,0.02186592,0.00514208,1
2051863730241884544,147.95411485,165.04873468,-15.83264192,-167156.31120705,1686.91012332,0,2M19320042+3801031,-0.00821109,0.1376976,1
2053609612965042816,35.68721372,250.6588446,8.96328706,-158015.11489809,2150.73934255,0,2M19300901+4110598,0.12802279,-0.00391411,1
2064191970004763520,-12.60733795,196.02617507,-8.55932661,-170885.73391524,1696.03978584,0,2M20293358+3918079,0.40089604,-0.02497561,1
2066660717208970368,-258.45137356,-18.91899861,-4.81368192,-158821.24046119,-300.71586026,2,2M20472235+4220523,-1.4230082,0.26932606,3
2070953485489418624,76.16114016,201.3007683,-1.63077452,-166256.34327857,1889.67891199,0,2M20294909+4505560,0.04085267,-0.0245824,1
2073179442474745088,46.75760101,226.12075855,14.80429142,-163919.22430249,1960.25569531,0,2M19445164+3901343,0.11969348,-0.03782951,1
2073541323552446976,35.01936825,226.45135684,44.52186452,-163074.28295218,1939.53562665,0,2M19562833+4014049,-0.1882038,0.03337014,1
2076270208325481344,52.69745197,191.07207364,-4.42947451,-171419.24740006,1688.11643047,0,2M19410084+3938023,0.12685454,-0.00701243,1
2076895246321863680,81.054277,208.09973926,-42.16440922,-164570.51381274,1882.813786,0,2M19491731+4137234,-0.10690565,0.02534947,1
2077502004940507264,10.27180731,251.44873772,47.84643121,-156695.11259539,2176.95804276,0,2M19362788+4135051,-0.17098352,0.18155755,1
2078926559693419008,17.00508717,158.98577535,17.56426915,-177746.4998839,1412.58729151,0,2M19465104+4412012,-0.17061476,0.0417137,1
2080331907350333312,-24.43464467,218.44240788,15.44834942,-165322.68112272,1897.11716178,0,2M19464551+4635020,0.064835,-0.02497513,1
2080589330509828224,-38.06573794,205.7859347,2.84155641,-167824.29756347,1734.3389551,0,2M19451221+4735348,-0.17266682,0.02971949,1
2086492775938243328,138.74361778,190.24409141,13.06353037,-161344.66908947,1952.24663185,0,2M19532314+4810355,-0.19674867,0.0475062,1
2086498793193889024,53.79418661,246.58910717,-16.66272344,-156760.08716251,2209.00443496,0,2M19540805+4822531,0.17981899,0.03607134,1
2086546720727457152,69.07117559,200.18631849,18.18946975,-167137.97344577,1814.15902314,0,2M19515243+4826440,-0.01647234,-0.00587141,1
2086801399406676864,29.92530241,224.129819,-30.85092088,-163341.46465479,1982.61481586,0,2M19470600+4901232,-0.06176353,0.01262349,1
2086874413851892608,247.51633706,-54.12960322,14.28859449,-160314.89000927,70.2267947,2,2M19541956+4827058,-0.43576604,0.22783089,2
2086875822601270144,140.92593371,104.41665302,-146.70453118,-163842.63140261,1279.29288771,1,2M19545905+4830067,-0.7795411,0.23655707,1
2099171691193663872,-67.14647645,31.9399265,-41.44529496,-188818.6620888,321.7152774,1,2M19060736+3740100,-0.4427576,0.20508885,1
2099659187162016512,41.90989101,-11.92714448,-134.18355117,-183879.0907923,93.55557534,1,2M19101186+3917181,-1.5518465,0.30844507,1
2099667231638229120,34.08733345,217.87022554,3.25944819,-166394.98325029,1877.79635574,0,2M19125144+3850261,-0.03836263,0.01054851,1
2099783161396656512,7.51244536,229.80192734,-19.02103748,-163954.83919518,1936.53290254,0,2M19133796+3953167,0.23862179,0.01883942,1
2100391844160107904,-155.60204487,131.30615518,74.69819071,-168276.56806666,963.84029156,1,2M19063068+3909078,-0.4434282,0.12427397,1
2101073232134425856,47.1507408,253.00081673,-12.6814528,-156962.45781154,2181.86329431,0,2M19220588+3940299,0.01530272,-0.00929432,1
2101401672574742400,-145.59314506,228.51340024,52.61378701,-152422.87724728,1559.02448203,1,2M19203177+4104010,-0.4772979,0.23487857,1
2101432149662610816,-60.32398202,-133.18600683,-21.9154114,-183893.33597293,-1049.42701569,1,2M19175558+4056477,-1.3416619,0.3306545,1
2101463107786855936,-318.62832517,44.71263011,-8.90699035,-140741.52474617,80.50286808,2,2M19182272+4114094,-0.6663794,-0.03636552,3
2101626595722455040,19.60606845,182.66122209,2.95067776,-173752.71758474,1602.5677599,0,2M19243779+4132516,-0.0164026,0.06230544,1
2101942288694401792,-83.65457407,208.62789809,-15.51925717,-164378.25785807,1804.8108168,0,2M19231283+4219574,-0.19707564,0.02394191,1
2102124743207232128,-15.48653874,217.76150948,5.97209427,-166762.23406784,1797.86236886,0,2M19141495+4118432,-0.01323252,-0.02320237,1
2102207790694152832,-111.33727253,198.65867182,-48.87183843,-163691.28177813,1498.0445818,0,2M19170300+4125133,-0.6033954,0.21916732,1
2102218815871666816,67.21340537,207.28014936,-12.10726768,-166831.39314105,1841.34967683,0,2M19150275+4125281,0.33972144,0.03055018,1
2102705938181969408,-50.46159185,-40.41730375,-52.81284326,-189878.08398836,-332.23736739,1,2M19160765+4246319,-2.3363411,0.50273085,1
2103831524550631936,182.11460108,69.74260985,10.70852717,-172960.26594964,808.91573531,1,2M19011396+4109061,-0.82574433,0.2269416,1
2103956800156615936,-153.92548822,188.25688008,-34.10360377,-160852.80186953,1309.20541336,1,2M19031299+4131521,-0.67851675,0.30506015,1
2106014330009657856,-124.07686291,-23.08035127,-19.36738951,-184955.41014945,-240.574459,1,2M19082613+4343170,-1.3837342,0.29224086,1
2106612017657254144,-199.7894921,184.49751731,76.34595968,-150566.4192581,1433.27035849,1,2M18570530+4405002,-0.46319744,0.170391,1
2106989051364770176,5.77971964,248.69336987,50.82493168,-157435.27295323,2091.82317689,0,2M18530104+4518135,-0.02942485,0.00402512,1
2126445115779806976,-280.00467335,21.00631056,137.72059089,-143100.01539354,-386.03009248,2,2M19345342+4452062,-1.6140343,0.4106237,3
2127447522484965504,-67.34200328,-47.0548148,-156.17073062,-177128.64621003,-430.51675979,2,2M19225967+4548488,-1.6794988,0.3759039,3
2127705534060757632,138.36127362,-118.02241076,36.70503059,-176603.33101708,-623.18941228,2,2M19200095+4617534,-0.679187,0.04609927,3
2127791910143071360,56.08924952,261.64120321,-23.09628477,-153051.21480282,2298.002861,0,2M19170032+4705383,-0.23779379,0.03379742,1
2127850115540021760,15.33952727,265.28331221,16.61990646,-153716.3937672,2296.43469819,0,2M19204057+4708085,0.16416568,0.00175285,1
2128006486709239168,89.45415904,240.16519393,-33.05454669,-156013.29796502,2193.18092586,0,2M19360222+4546350,-0.22287837,0.16589849,1
2129106380594661248,229.48259556,-29.41749005,65.8927003,-163713.35327286,196.00904332,1,2M19261098+4712212,-0.24537443,0.1999645,2
2129465985318723328,214.92849857,112.10580072,-103.13224503,-155794.18900669,1430.50518907,1,2M19203078+4815427,-0.65792775,0.2251696,1
2129474506531004416,20.11566595,183.48845282,4.31091565,-172927.07687309,1622.17892227,0,2M19201937+4829246,0.38176054,0.02246372,1
2129738251882205184,-26.49528824,-3.17908124,-61.16480451,-189965.36113338,56.21169517,1,2M19263197+4904142,-1.3989342,0.26523244,1
2130163625443203328,-118.70413272,29.60693606,126.691518,-176161.12846388,224.69834977,1,2M19223700+5039415,-0.4788459,0.2406562,2
2130453144896643456,62.45453568,206.89371988,-16.67788954,-166465.29229857,1854.65125094,0,2M19110589+4649422,0.022227,0.00778151,1
2130770074827770368,128.65286436,205.01548665,-34.56126676,-159621.53341594,2008.55245635,0,2M19134556+4642494,-0.41603073,0.12577394,1
2130915214660138624,115.22686302,28.37827908,-60.27520768,-182841.37419657,546.66582392,1,2M19160273+4735390,-1.0640404,0.26638633,1
2131276816546559104,107.4443716,188.46584389,17.80551295,-165802.65266902,1824.40646309,0,2M19064051+4851432,-0.48153868,0.2494098,1
2131277469381579648,78.60713441,27.32289367,-36.41834979,-187243.60506803,478.51092444,1,2M19062649+4850522,-1.8863602,0.388056,1
2131415831748683904,144.79061801,81.76239693,123.71577887,-169932.720455,929.47595179,1,2M18584335+4728453,-0.5625353,0.20689927,1
2131542967079356416,-195.64735317,218.033143,-28.30169705,-146327.49249848,1568.58608643,1,2M19002103+4754583,-0.50862694,0.24544922,1
2134842253581592448,134.40150193,-82.76319962,-33.81794523,-179525.40980357,-313.88400516,2,2M19404807+4933494,-1.556857,0.24592184,3
2135021199095253120,21.7806319,-46.96653068,82.66837925,-187890.70420822,-267.43095682,1,2M19365221+4935594,-1.2695185,0.3545498,1
2135173348317480960,32.69503067,271.47222505,5.59132634,-151073.13696854,2379.34798597,0,2M19412051+5023478,-0.10860926,0.00369636,1
2135206402385511168,167.9013247,58.71192347,-91.5501572,-171220.31294643,785.73883062,1,2M19371201+5024555,-2.0422616,0.33871654,1
2152717705602016256,50.00728918,-40.44279063,-8.09853155,-188701.39139446,-166.38873532,1,2M18000675+6015237,-0.35652176,0.19188559,1
2171230973161154944,16.55871111,167.42309904,-24.79782666,-174962.12813457,1527.10163598,0,2M21253104+5016002,0.04456266,-0.01474045,1
2173266237916169984,43.90582044,218.96166397,17.68485203,-161237.3128917,2101.8924116,0,2M21474138+5325248,0.07775106,-0.00350794,1
2183467536849721472,17.93459437,235.56123997,-20.54587295,-160729.26750074,2091.25862384,0,2M20351482+5428523,-0.47574526,0.08445318,1
2188213789240459904,36.86635996,254.22780862,11.75690297,-154221.11839636,2319.63334988,0,2M20265475+5753228,-0.05564301,0.01519039,1
2197305513450898176,45.58620489,197.11083891,26.6564516,-165731.5932768,1905.93902714,0,2M20593095+6427122,-0.10718524,0.11159605,1
2197526893245390208,57.55218779,224.6970344,5.40171774,-159463.23742919,2159.41830289,0,2M20581877+6501065,-0.0986435,0.01938479,1
2268048503896398720,-55.46658723,161.23233045,-280.78028966,-135713.13126702,1454.29154574,1,2M18470646+7443316,-1.4717753,0.22931913,1
2279611002534410496,-21.84958304,225.03018777,-8.52362529,-163106.81870827,2005.78060386,0,2M22371291+7522184,0.10715177,-0.05351195,1
2365649471033828096,254.49330149,-53.74717788,-110.33296356,-152347.37967627,-324.94310142,2,2M00054598-1940128,-1.2203789,0.29947147,2
2373241220866689536,-26.19286755,93.2782354,-79.41090324,-181278.06333322,892.08546413,0,2M00525578-1258567,-0.40653685,0.2644866,1
2489408743213972864,-39.831508,-110.44060215,-139.64764275,-173552.94824326,-870.69287211,2,2M02224187-0531045,-2.3835342,0.49695948,3
2492746040177433600,-111.95160602,128.93921839,-29.02816966,-172748.88858406,1226.22931384,0,2M02150319-0437411,-1.0167953,0.16716616,1
2504584997269760128,-153.77061617,93.87227309,-114.30194442,-161741.64613188,928.04599511,1,2M01575297-0316508,-0.7017599,0.16345488,1
2504634406573540608,-145.59799866,-48.47872309,-2.13221231,-172398.07526058,-403.29809539,2,2M01593915-0242496,-1.2955644,0.2454687,3
2686042860104456192,130.40797057,54.57749478,-49.78067722,-182461.27255802,634.49546086,1,2M21261861-0100542,-0.520548,0.2466114,1
2686585434733403776,-248.2577658,38.69466338,-94.37566274,-157889.02690184,24.24494248,2,2M21385713-0111188,-1.7826355,0.3489456,3
2687374162527959552,-139.51884288,66.99523693,-14.10981518,-181309.67471277,425.78694073,1,2M21363923+0021158,-0.51848733,0.23038256,1
2690004056901946880,-140.05436396,141.29526409,66.68217748,-172006.33195134,923.12236897,1,2M21061729-0006015,-0.81026244,0.24542427,1
2690693420628895232,133.14397898,51.90699263,-128.44118378,-174042.3247793,565.60433107,1,2M21071366+0104019,-2.385481,0.31937438,1
2691018807351265792,298.19142579,-132.37657568,45.33814492,-142359.17830975,-417.71446226,2,2M21231564+0054080,-1.5831459,0.3064593,3
2705199861649344640,112.12419064,38.84920461,-24.26046727,-183715.25795267,512.71441335,1,2M22484483+0447457,-0.7698736,0.24416003,1
2706237006056265344,46.96287855,237.92733641,-26.33784273,-158231.48730559,2063.78613824,0,2M22405739+0548069,-0.07579262,0.08092721,1
2712315862249136768,34.31288898,171.18586814,26.30403286,-172634.27500913,1520.17818967,0,2M22460324+0617592,-0.12934828,0.20942129,1
2738340722659255296,64.64399175,229.68514062,18.01851387,-157461.80013209,2115.34042913,0,2M00035348+0051516,0.17373995,0.03095822,1
2782342456447431424,-54.17272863,-25.00604728,-37.162036,-185029.07510591,-170.81381017,1,2M00402965+1709493,-0.4941999,0.20004319,1
2786041316642488448,-102.37968725,-23.25188106,106.20596324,-175871.27237369,-180.96357977,2,2M01241544+1819543,-1.4397343,0.21045455,3
2893796857782346112,-89.6183044,173.285705,-8.49364924,-168653.56109688,1674.69386099,0,2M06341946-3121533,0.03697064,0.00461579,1
2921878414816215680,-79.61325853,184.91636587,13.00828221,-161202.19856248,2075.71058632,0,2M06533434-2451301,0.01928758,-0.01205369,1
2988305826422644224,-35.3375598,200.71535894,-31.59020911,-167960.90847205,1795.28171396,0,2M05174024-1331113,-0.2919329,0.04595179,1
3019986840931773184,80.5614513,3.97515489,-121.57158875,-171949.92446752,69.29966136,2,2M06095392-0606254,-1.4614075,0.26602834,3
3077669866623212672,77.94471048,47.29872159,-3.49257989,-179080.89848648,476.66363739,1,2M08251062+0016506,-0.92049193,0.25202143,1
3100468480744223488,-68.68862799,216.81335628,-50.42308442,-155352.70325341,2280.92940616,0,2M06415685-0614372,-0.18906918,0.03751609,1
3101114929161942144,-33.47789629,204.2005626,-30.91975109,-161532.75795548,2090.09241765,0,2M06520397-0543299,-0.31535089,0.06242603,1
3101588436416126080,-57.18328999,236.37723281,-29.47150127,-152168.44337315,2466.63988141,0,2M06594176-0503093,-0.24731693,0.06410234,1
3105847669583916032,-77.92936268,220.9545918,-12.45445341,-153494.47086898,2408.52349829,0,2M06511963-0307483,0.29735721,0.01123073,1
3111236685311164416,-57.21582464,193.04097427,-17.79722358,-160640.05770987,2118.38641288,0,2M07073890+0000149,-0.01778324,0.0043433,1
3118678596622316928,106.49365278,48.29764007,60.92993325,-175967.21162809,504.80129375,1,2M06205312-0042225,-0.5130408,0.11027388,1
3118932751308565504,-3.22171704,233.76307227,-20.20740475,-156719.4671117,2290.58686719,0,2M06382144-0112017,0.02513471,-0.00384106,1
3119582395180315520,-22.99983284,211.24513953,15.71907153,-155712.77045204,2379.23188596,0,2M06423906+0028500,-0.08963728,-0.03088906,1
3120643870577404672,67.16179034,216.51523165,18.73973208,-159770.17315214,2049.65769836,0,2M06345855+0057050,0.0849721,0.02886077,1
3125933689740064384,-30.28822374,224.32165237,23.00436396,-155642.8175212,2360.10549363,0,2M06452483+0126476,0.08637569,-0.03092312,1
3131768523070075008,10.83753588,225.84272546,-29.82647152,-155974.01446914,2321.30389185,0,2M06323191+0519138,-0.15619303,0.1769177,1
3217356501037678336,-53.80978168,201.83778372,-18.86872792,-162062.31071198,2033.9966626,0,2M05361772-0143010,0.09206351,0.00701481,1
3262798526337890304,42.55294335,-50.66611472,-42.32896239,-178837.17858821,-394.52758797,2,2M03214985-0036251,-1.95013332,0.40304227,3
3330996937646603136,-51.39591061,239.45730335,21.12371153,-147505.41754749,2720.88961911,0,2M06270263+1103308,-0.27799654,-0.01227122,1
3331273945856355456,-46.96062892,183.89862523,-2.0724012,-167898.57448905,1797.9621243,0,2M06243562+1134557,-0.16627906,0.05791504,1
3340926936390884352,7.35523419,223.84293316,-26.98106759,-153883.64074067,2429.13448338,0,2M05274286+1211028,0.03756441,-0.0203645,1
3343578821000248064,-7.64619212,239.02615107,35.19391438,-150554.74477406,2569.79942882,0,2M06011823+1310389,-0.23120649,0.10584234,1
3368825356022119040,112.293486,65.05406422,53.09642587,-170204.67542936,747.08108808,1,2M06223102+1528489,-0.34472868,0.22367647,1
3374539659688338816,-53.02424557,231.85065311,-7.00912536,-153838.64319492,2394.25025186,0,2M06063673+1922121,-0.07641111,-0.02547555,1
3379164098220870912,20.77093957,222.68063621,18.5470631,-159100.68512771,2189.02869456,0,2M06372951+2204279,0.27671164,0.02267534,1
3379759247544877312,15.20791432,196.39245738,3.25460326,-163223.76771214,2024.89903938,0,2M06395842+2313411,0.13530451,0.0187658,1
3381298971842728320,179.18068206,23.5059559,93.99217975,-164016.89568103,299.41923655,1,2M06524526+2433145,-0.44513366,0.26865906,2
3389434503190810752,8.35952208,211.09416292,13.70552292,-163510.54990709,2016.78386449,0,2M05271377+1347372,-0.03333566,0.02873597,1
3389877189762650624,-26.90118608,227.88515721,-7.65912978,-156697.55207227,2300.01292396,0,2M05274489+1420216,-0.3419517,0.05895014,1
3395743153016566400,79.18707476,10.40898256,-76.67296307,-179759.26428377,196.05426999,1,2M05375446+1455275,-0.47117335,0.25589916,1
3398493379493230592,67.09415053,194.25628104,1.35570164,-161755.36333478,1987.81092387,0,2M05472675+1907503,0.08139284,-0.00655314,1
3415742311750330880,90.40044417,-52.3017027,-17.55584058,-181023.29297294,-385.5969075,1,2M05133847+2315473,-2.2847238,0.42660218,1
3415909437517463296,2.36267173,232.25332758,4.48233837,-158438.38719474,2222.17344565,0,2M05162871+2414128,0.02327567,-0.02291846,1
3418554892556485248,-26.39507824,251.85239207,8.55276966,-150637.74851341,2525.39313558,0,2M05015536+2310416,-0.03903646,0.02228201,1
3426482818069381120,31.78369424,90.68980517,-8.30133581,-180139.19701179,979.23230466,0,2M06020665+2446251,-0.38625196,0.22090816,1
3429856020962807296,-5.14023927,206.97481265,-25.82507859,-158372.34076932,2244.48635786,0,2M05564872+2559469,0.13269499,0.07181153,1
3437713096696575104,2.41614844,214.26690915,7.46625157,-159750.09240518,2191.30687523,0,2M06030382+3003038,0.05577358,0.01015076,1
3438899843401867648,56.34230807,176.01815028,-18.92734837,-161612.32205168,1984.5470534,0,2M06195406+3144213,0.02732,0.06406823,1
3442591870304290944,62.51480426,200.33476661,-0.11191979,-161827.43923919,2016.07837344,0,2M05411140+2816123,-0.3225629,0.06444699,1
3445732380454746240,-14.67647567,219.46295514,8.01133539,-155071.38716455,2403.69362476,0,2M05270359+2919265,-0.09472998,0.02722757,1
3448907705613631360,-24.4584385,206.46555602,-24.76676075,-164583.66733976,1954.11676919,0,2M05345132+3319599,0.10519473,-0.04073522,1
3525736595998110464,-71.55576942,-95.76467652,-171.34232337,-171448.71787616,-690.11393761,2,2M12512523-1329276,-1.3357342,0.305774,3
3566196459237393408,-41.55526639,8.22536369,14.43029737,-187389.98109836,236.06291807,1,2M11111553-1124378,-0.78714573,0.27777302,1
3567762679190877696,-3.35356887,251.47718839,34.82707314,-156714.46832388,2166.78663449,0,2M12033632-1649032,-0.23866652,0.03551049,1
3568568346336510976,297.40934182,14.43024873,84.73248852,-142727.12374134,-240.39996373,2,2M12002004-1633270,-1.1145126,0.168845,3
3572943474902528512,23.00664416,217.02500797,-4.40336242,-164968.74711187,1881.49778469,0,2M11440823-1401205,0.03530715,-0.00797907,1
3573060126214709760,191.62241066,-14.30146611,-29.49023646,-171665.54483616,-281.31523842,2,2M11491178-1406207,-0.39415687,0.13757119,2
3573597473865819648,-229.41160659,91.06373975,-4.59579386,-158649.08945679,1142.05545607,1,2M11480442-1211044,-0.88894725,0.24808054,1
3605267398771299968,162.74976561,-68.01174216,-102.81178066,-174759.81974247,-554.93801072,2,2M13413691-1550465,-0.676864,0.24663894,1
3641356802073099264,-46.37904856,212.5925648,4.65048894,-169199.49532769,1648.15187065,0,2M14302230-0557468,-0.2721162,0.13640206,1
3641524825489233024,77.6498822,-2.5198807,-86.80795953,-186858.56786366,61.97024632,1,2M14230837-0557342,-0.7885823,0.19040594,1
3642059600456468864,-91.66186582,10.8575826,15.192237,-190914.20409581,197.43536243,1,2M14294877-0447255,-0.29557055,0.22577539,1
3642348909454342656,-138.4511687,126.47091762,132.24459043,-167540.75942921,1051.34319285,1,2M14215428-0519216,-1.4045755,0.2976412,1
3642394504827172992,-306.43731863,-44.49363986,-37.75501341,-146253.86634698,-162.5826868,2,2M14210857-0515393,-1.1702343,0.23448397,3
3642889972254285312,132.06809069,18.18873921,-116.51831473,-178395.93944932,202.83276039,1,2M14271392-0420310,-1.1930242,0.2926842,2
3661960451682025216,74.20920746,3.31780259,91.18038468,-186167.29982518,78.21154746,1,2M13405850-0025032,-0.5123556,0.19556288,1
3662069303333214080,-150.38506795,76.32359221,-43.27575145,-177260.93860584,739.11529078,1,2M13462563-0041135,-0.49467537,0.23394316,1
3664415691211443712,-348.05350604,-142.57260766,49.53890168,-122922.14404483,-967.05355775,2,2M14011490+0218301,-0.98529327,0.0975566,3
3669807219492868480,-202.66709976,48.47105745,-10.11064416,-171590.38621826,480.49789447,1,2M14191886+0516130,-0.5361331,0.26348525,1
3676740872961144704,160.7320313,100.79415685,23.72130163,-172197.80577619,737.91925388,1,2M12453584-0622390,-0.56790257,0.229821,1
3683397526810018176,18.2164912,-64.5167795,-140.63235287,-180075.44991388,-432.19283965,1,2M12455533-0201291,-0.47344697,0.25089025,2
3684177626014911360,1.31217395,22.55129385,-77.56765324,-188818.69967975,270.60071078,1,2M13075454-0338132,-0.64642256,0.26059976,1
3684453775231969536,20.81337574,-60.37731494,48.35653347,-189826.3399561,-395.27435651,1,2M13063924-0254522,-0.42239696,0.23661238,1
3684502188103082112,47.93824359,40.3085316,71.15032377,-186927.34947417,359.65125354,1,2M13074507-0231261,-0.7170153,0.24269497,1
3685548613935089024,-248.15265727,158.80389578,-71.68247364,-144219.28263222,1496.93668873,1,2M13030303-0146350,-0.99486375,0.31043893,1
3694772524355501440,307.59922125,-8.95314907,-36.70574972,-143304.87313117,-151.1532696,2,2M12223257-0128454,-1.6007342,0.3239366,3
3694930750950898304,-81.80068227,-47.43163406,-88.07635194,-182795.65528265,-222.66954904,1,2M12193893-0130401,-0.55388314,0.06988531,1
3698625110019784960,-101.49114489,95.88938436,137.24603997,-170037.11361232,968.56788063,1,2M12065946-0036368,-0.56988245,0.25509408,1
3699823612053005824,-35.04732079,167.42423357,-21.50280985,-173704.92330865,1492.3681374,0,2M12231177+0053258,-0.56237805,0.2551239,1
3742577464569029504,-210.9491229,62.00360155,58.00234203,-164316.29823132,648.09970734,1,2M13180233+1241050,-1.1492072,0.2307263,1
3742604784856922752,-34.06650741,-15.21864677,-36.99738711,-189476.73929157,-15.17363759,1,2M13183898+1252320,-2.0918553,0.38456947,1
3756723300135861888,-21.63896701,89.77291386,-57.16125493,-183071.83843698,883.7134096,0,2M11013557-1211574,-0.8464747,0.21442631,1
3757465470484424320,-80.02267973,-7.36940181,-99.08217981,-180518.25000231,149.52468599,1,2M10451469-1200451,-2.0082796,0.42274284,1
3758582269356292480,-106.11161812,-67.87536285,59.1945824,-180125.99407236,-338.9187146,1,2M11034301-1048240,-1.261208,0.23432903,1
3760874643725352064,23.66210439,19.22225863,29.69182343,-186279.58133921,235.06775688,1,2M10374221-1042328,-1.4970112,0.33705434,1
3784609083975367424,289.54772533,-15.73192141,-1.25467037,-148016.61494486,-279.49083399,2,2M11104976-0645103,-1.1019111,0.20837484,3
3785124995446799104,-67.14233343,24.63089079,-57.6887569,-183863.82016196,398.57851444,1,2M11112253-0536355,-0.34722784,0.1545239,1
3787631847598844416,-70.40429021,-112.8917873,27.87196707,-181100.45105833,-789.84508171,1,2M11020926-0621380,-1.3301413,0.3069161,3
3791953890368136320,39.61647801,-33.70965117,-14.79767933,-189652.11187598,-201.0606408,1,2M11162517-0027141,-0.38591808,0.13069311,1
3796101626185175296,27.02377693,215.27129116,11.08300701,-163598.81357933,1888.13527726,0,2M11475473+0055467,-0.07675442,0.02080516,1
3797680868479893376,145.5114429,88.68496432,-119.5978468,-164533.24658057,669.65385999,1,2M11203283-0054312,-0.6000211,0.25984085,1
3800423290997813248,186.43156557,144.33894193,24.74626397,-158205.59168957,1149.15030692,1,2M11295211+0254560,-0.58063626,0.23815879,1
3800823955611190400,-59.31237156,194.07935359,-8.24790359,-167806.14424036,1764.29376756,0,2M11352756+0343104,0.38342628,0.00100449,1
3800895806120041472,48.56513268,244.54112749,-13.92014841,-154837.59522678,2148.12905973,0,2M11345106+0405417,-0.37166446,0.22579238,1
3817226989766011136,181.15390122,145.23447747,-20.20385574,-158659.47097839,1202.33814107,1,2M11152560+0610289,-0.37348545,0.24194211,1
3817287115012754816,40.31486675,200.49528945,-3.07571606,-165829.62099596,1805.43040123,0,2M11164890+0642424,-0.09608039,0.08602474,1
3818396698339380352,-45.83342869,161.21832401,34.39526144,-171648.72741416,1541.68340095,0,2M11114632+0748008,-0.41661248,0.24091396,1
3818613714446804864,245.27757092,-25.3723708,-166.3060336,-143717.51633706,-322.11828549,2,2M11142583+0801300,-0.9255553,0.16629475,3
3868474745700279168,155.79931111,107.64017605,-52.75629588,-164876.37024588,917.4918062,1,2M11022954+1106325,-0.51695615,0.22549197,1
3890057089506090112,-288.78507707,-60.74350511,72.39632022,-142503.66049584,-295.70059454,2,2M10231170+1608483,-1.2024332,0.20620915,3
3892338752228824064,89.04998428,29.80709017,48.90962387,-182823.82610151,262.27896058,1,2M11522570+0158119,-0.45088744,0.2644896,1
3894008218900607232,-102.02607577,-16.6822666,-144.88047147,-175238.00335882,6.88625256,2,2M12162607+0414086,-0.51576793,0.22847319,2
3912005716714761216,-107.03171385,-55.54828048,73.57803667,-181242.47056192,-330.33043371,1,2M11552715+0907449,-2.30711,0.39170745,1
3926588951750769152,-93.74176534,60.48695875,-95.11830724,-178553.99944048,639.62640844,1,2M12005742+1719224,-1.1581978,0.2532193,1
3926849188112937600,-21.32071876,30.27914236,72.11174829,-184989.71593796,369.30593403,1,2M12030299+1835113,-0.8902349,0.07867168,1
3929073229554776832,-52.41965924,131.72031182,-6.57319501,-179577.79664647,1203.05702851,0,2M12461188+1328590,-0.3349348,0.19059877,1
3933054904755671040,195.51710256,69.78731807,-24.55779422,-165810.99805904,575.64578115,1,2M12250999+1400182,-0.40566567,0.11275484,1
3933071741027476992,-137.83986932,-53.6492042,117.14479066,-171179.71431991,-271.18239439,2,2M12245912+1413378,-1.5738485,0.35718244,3
3933182207586316672,186.69704042,-41.83057953,-83.37391797,-167907.5868107,-329.15548293,2,2M12251747+1450078,-1.2418656,0.18928836,3
3933285046282804608,-214.9847304,56.90265565,118.99499883,-155975.22525708,682.74156503,1,2M12254158+1509005,-0.48123336,0.25084883,1
3937005690552678144,17.62937934,-64.49760381,-134.61100728,-179903.5230879,-428.78149121,2,2M13103381+1641086,-2.2891455,0.20218754,1
3937268679991043072,41.17794756,-18.63022506,-53.72417882,-187971.01214243,-60.26369951,1,2M13123688+1801404,-0.2919787,0.0525861,1
3958540175537954560,-33.19522325,-87.80149819,48.00934683,-183397.46002904,-632.26504757,1,2M12564058+2621428,-0.62801285,0.07975056,1
3960711229966353152,85.77632321,31.40858164,12.25271593,-184740.23461306,360.63179313,1,2M12291282+2549486,-0.5085228,0.21542841,1
3975506705106268928,13.83480062,-113.38949659,10.52344912,-184568.04865944,-869.60926583,1,2M11521452+2008382,-1.5194473,0.28821677,1
3981555938908707072,-211.01326648,-55.09784348,52.58822783,-163191.89306793,-268.56647053,2,2M10471472+1539208,-1.17327384,0.1544736,3
3982173177248920704,263.86463495,63.34541968,37.78954576,-150530.98013999,558.50006869,1,2M10573810+1707471,-0.6510304,0.1156302,1
3985420589136674048,-87.61754869,-199.85988858,-66.50372254,-165498.44391896,-1612.70179723,2,2M11014938+2031259,-2.5215342,0.36526686,1
3992493403841503104,-141.55198957,23.12912715,24.64569605,-177416.39314896,349.52342503,1,2M11282044+2246444,-0.6604882,0.26831335,1
4005688672950223744,-203.10153818,8.89342837,106.58072245,-161606.45065088,228.39214471,1,2M11452951+2531284,-1.2625343,0.22482839,3
4028212310379957376,-67.78217638,23.68288229,-15.41286896,-184082.30154053,314.94441111,1,2M11560137+3353585,-0.79686457,0.1901787,1
4028300030791966976,282.50969802,7.53787446,63.33130897,-147023.84684512,172.41807954,1,2M11565368+3426061,-1.3719711,0.20713449,3
4030387453617329792,-161.93397473,-86.44613244,12.9871738,-171111.45379931,-677.77004637,2,2M12120113+3700199,-1.214523,0.2766105,1
4030401781628156928,-138.87522052,-44.63674021,-3.75323081,-180748.53223355,-282.73754053,1,2M12120517+3720235,-1.516529,0.24047546,1
4096286064656073472,65.82764385,229.35672069,-6.25855215,-171464.75620799,1585.20366931,0,2M18255968-1749356,0.25217152,0.00501122,1
4126372512323864192,45.772412,279.58583121,24.93691036,-155677.84663226,2023.76634826,0,2M16555600-2124043,0.10850818,0.0074721,1
4127168730546419072,-139.81964053,69.74852789,97.50813268,-184459.45108468,521.96014844,1,2M16564342-2052105,-0.4254,0.23718397,1
4127537998956726144,-16.18843674,177.02825592,93.97004228,-180348.80511004,1190.920217,0,2M16512346-1943198,-0.69224644,0.18620971,1
4200431805946990592,37.24703618,223.30250855,-9.43654724,-169304.30003255,1730.76496917,0,2M19275500-0913190,-0.09769025,0.00458471,1
4228146130385862784,-174.36400926,29.14860758,-2.30285324,-181164.38249088,36.57628085,1,2M20400776+0007390,-1.3092484,0.24716605,1
4231359624917829248,27.63404242,234.25472747,-16.10337236,-164072.85054463,1921.63976521,0,2M20393271+0116015,0.06563917,0.02778992,1
4248874703411759232,6.21957562,216.07996755,24.99780589,-170862.77798173,1661.42380533,0,2M20013046+0535102,0.25093734,0.01022925,1
4263438392079131776,-21.75759057,256.36795834,-11.7798249,-164614.87457374,1733.87095835,0,2M19260233-0005057,0.3462683,0.03313407,1
4264604252371053056,-42.32645093,197.75360554,0.70181418,-173691.38512599,1540.70136392,0,2M19224577+0131126,-0.03243564,0.00964138,1
4287514222075358464,17.97006579,264.67976557,9.58565197,-159176.42457487,2024.82448047,0,2M19290898+0042093,-0.01504863,-0.02356459,1
4294813398731875968,49.24198356,221.91198695,-13.57660725,-169804.71008815,1712.28680979,0,2M19370430+0645026,0.15738887,-0.0299327,1
4295287464377789568,42.4088122,201.61664183,-11.62113123,-174620.45706762,1564.2975316,0,2M19355031+0805133,0.12270445,0.02674399,1
4309329705303513088,-0.65458589,212.00945734,-4.55334381,-171979.41797855,1651.72686299,0,2M19111372+1006224,0.3462047,-0.01732629,1
4330613742148611584,31.43521626,-95.7646682,-32.44159998,-196362.09546389,-542.85344813,1,2M16274714-1254281,-2.0609496,0.36432236,1
4342723213465093504,47.2648548,246.49308167,-13.50082311,-160163.37910982,2017.1512446,0,2M16012686-1217412,0.09188729,0.00367012,1
4358217153362394240,-127.63494583,149.37716387,155.70794296,-166565.01959681,1007.87579948,1,2M16323934-0150412,-0.78521156,0.2792184,1
4359344255859316992,-133.05019468,38.15049874,-60.27989281,-184457.17337832,340.4280743,1,2M16301118-0109073,-1.9597344,0.25075594,1
4382416098619538176,-55.50072371,213.55361271,38.70869391,-166786.04665331,1764.97705804,0,2M16383023-0050474,0.16655286,0.08225322,1
4383355390787042944,-166.76852181,225.11896576,147.9114026,-147800.75930353,1402.23452953,1,2M16375425+0003145,-0.5567341,0.24830967,1
4383517637471758592,-148.9811536,106.99434683,-140.46495075,-171630.23286935,710.49760175,1,2M16330711+0005039,-1.2780343,0.294618,1
4414870447758898560,-39.96039411,188.1808789,8.10300733,-174168.18736735,1526.95833181,0,2M15174236-0232112,-0.03541829,0.11739652,1
4414884019855552640,-121.59507393,107.1978651,148.05317225,-172448.21786192,797.25522388,1,2M15173846-0226107,-0.45556635,0.26628572,1
4418521891514816640,-7.6131774,-142.25872731,6.62534888,-188589.40898844,-888.91762039,1,2M15123364-0025261,-1.4044169,0.39768234,1
4418637550689746816,280.73547547,72.83724252,37.9752727,-152959.18788447,603.81870258,1,2M15180369-0038520,-1.3873091,0.21662006,1
4419993828347441280,-291.90225161,192.18130352,-1.03268132,-133286.86250743,1396.77370611,1,2M15141387+0135392,-0.40540292,0.22719118,1
4422057852189810560,-198.6229102,129.2784073,11.69538905,-167421.98146839,920.58598571,1,2M15215022+0301200,-0.58181036,0.276437,1
4422328435129459584,155.28320979,239.03323171,-301.2631197,-107879.44899538,1740.74373473,1,2M15175432+0323388,-1.2817518,0.18422851,1
4444564408533915520,-139.92514495,69.99218855,0.86021415,-183424.03761871,517.47259037,1,2M17023667+1005095,-1.6427206,0.2516752,1
4468503083077253504,200.24056534,20.06847284,104.33420898,-173003.6837666,383.8238755,1,2M18020741+0230124,-0.8953354,0.29642183,1
4568603308859269120,216.78732703,102.89834006,-25.84471182,-165160.00387149,1068.5513459,1,2M17171767+2331466,-0.8188319,0.23577416,1
4574002976102688896,-119.89392294,1.63475972,122.0616137,-181029.32360191,-60.9992481,1,2M17202724+2632549,-1.6790229,0.2099954,1
4574091933465437056,-60.89985072,-109.11948729,7.08051133,-188524.48266917,-792.63386135,1,2M17195429+2649351,-1.4873084,0.30563796,1
4574397735136819072,-110.38391128,69.8226106,83.11958537,-180505.70200477,613.67597594,1,2M17204573+2730016,-0.80394053,0.24842766,1
5140754074362498048,122.79170377,-118.34756219,-60.81694144,-171166.64574322,-947.00312461,2,2M01424899-1749257,-1.5629311,0.36554486,3
5140824481762310912,-59.75110673,55.73207215,-106.836369,-176421.40976613,602.57759027,1,2M01413165-1730412,-0.6333312,0.25356445,1
5718438686188442112,-7.76707929,178.54621201,-5.18169421,-165536.38236789,1882.46074312,0,2M07581225-1554291,0.08751915,0.01548534,1
5734939645596787584,-48.8798277,255.62117333,9.63208457,-148198.69263132,2607.15527407,0,2M08512867-1327444,-0.02563865,0.01516705,1
6761485615872618624,21.30204322,40.70400589,91.73845619,-196516.69341175,342.9613414,1,2M18502108-2923442,-1.1007502,0.3304619,1
6761575397872183040,-85.85323306,248.25142636,16.15320452,-166378.59142976,1566.33772559,0,2M18494515-2904486,-0.43173653,0.2218216,1
6917217663987844096,-18.08767638,249.94096587,4.52212786,-158475.63307091,2137.36650316,0,2M21023050-0103025,-0.06988769,-0.0106189,1
